Keyword; Search Volume (Normalized 0-100); Growth (Normalized 0-100); Type; CPC; Competition; Keyword Difficulty
direccion de obras arquitectura;1;7; ; ; 0.00; 
direccion de obras buin;0;20; ; ; 0.00; 
direccion de obras chillan;0;0; ; ; 0.00; 
direccion de obras concepcion;0;0; ; ; 0.00; 
direccion de obras concon;0;0; ; ; 0.00; 
direccion de obras coquimbo;1;23; ; ; 0.00;55
direccion de obras de la municipalidad;0;0; ; ; 0.00; 
direccion de obrashidraulicas;14;17; ; ; 0.00; 
direccion de obrashidraulicas chillan;2;77; ; ; 0.01; 
direccion de obrashidraulicas la serena;1;30; ; ; 0.00; 
direccion de obrashidraulicas nuble;3;21; ; ; 0.00; 
direccion de obrashidraulicas region metropolitana;1;52; ; ; 0.00; 
direccion de obrashidraulicas talca;1;12; ; ; 0.00; 
direccion de obrashidraulicas temuco;2;16; ; ; 0.00; 
direccion de obrashidraulicas valdivia;1;65; ; ; 0.00; 
direccion de obras i municipalidad de quilicura;0;0; ; ; 0.00; 
direccion de obras la florida;1;17; ; ; 0.00;52
direccion de obras la reina;0;20; ; ; 0.00; 
direccion de obras la serena;0;0; ; ; 0.00; 
direccion de obras lampa;0;20; ; ; 0.00; 
direccion de obras las condes;1;27; ; ; 0.00; 
direccion de obras lo barnechea;0;0; ; ; 0.00; 
direccion de obras municipales;100;16; ; ; 0.04; 
direccion de obras municipales coquimbo;7;15; ; ; 0.00; 
direccion de obras municipales dom;0;0; ; ; 0.00; 
direccion de obras municipales el salvador;1;0; ; ; 0.00; 
direccion de obras municipales la florida;4;19; ; ; 0.01;49
direccion de obras municipales la serena;6;19; ; ; 0.00;49
direccion de obras municipales las condes;4;21; ; ; 0.03;49
direccion de obras municipales puente alto;4;17; ; ; 0.00; 
direccion de obras municipales quillota;1;30; ; ; 0.00; 
direccion de obras municipales talca;14;21; ; ; 0.04; 
direccion de obras municipales temuco;11;18; ; ; 0.00; 
direccion de obras municipales valdivia;1;20; ; ; 0.00; 
direccion de obras municipales vina del mar;2;34; ; ; 0.00; 
direccion de obras osorno;0;20; ; ; 0.00; 
direccion de obras paine;0;0; ; ; 0.00; 
direccion de obras particulares;0;0; ; ; 0.00; 
direccion de obras portuarias;5;16; ; ; 0.00;13
direccion de obras portuarias dop;0;0; ; ; 0.00; 
direccion de obras providencia;1;23; ; ; 0.01;49
direccion de obras publicas;0;0; ; ; 0.00; 
direccion de obras publicas municipales;1;20; ; ; 0.00; 
direccion de obras publicas y desarrollo urbano;0;0; ; ; 0.00; 
direccion de obras puente alto;0;20; ; ; 0.00;54
direccion de obras puerto montt;3;20; ; ; 0.00;52
direccion de obras quilicura;0;0; ; ; 0.00; 
direccion de obras quillota;0;20; ; ; 0.00;52
direccion de obras rancagua;0;0; ; ; 0.00; 
direccion de obras s.a;0;0; ; ; 0.00; 
direccion de obras san bernardo;2;21; ; ; 0.01; 
direccion de obras san javier de loncomilla;0;0; ; ; 0.00; 
direccion de obras san miguel;0;0; ; ; 0.00; 
direccion de obras san pedro de la paz;1;28; ; ; 0.00; 
direccion de obras sanitarias;3;12; ; ; 0.00; 
direccion de obras talca;0;0; ; ; 0.00; 
direccion de obras talca horario;0;20; ; ; 0.00; 
direccion de obras unam;0;0; ; ; 0.00; 
direccion de obras valparaiso;0;0; ; ; 0.00; 
direccion de obras villa alemana;1;26; ; ; 0.08;54
curso direccion de obras;0;0; ; ; 0.00; 
denuncia direccion de obras;0;20; ; ; 0.00; 
municipalidad de caldera direccion de obras;1;100; ; ; 0.00; 
municipalidad de cauquenes direccion de obras;1;43; ; ; 0.00; 
municipalidad de frutillar direccion de obras;0;20; ; ; 0.00; 
municipalidad de olmue direccion de obras;0;0; ; ; 0.00; 
municipalidad de paine direccion de obras;2;10; ; ; 0.00; 
municipalidad de puchuncav√i direccion de obras;1;30; ; ; 0.00; 
municipalidad de santiago direccion de obras;0;20; ; ; 0.00;11
municipalidad de tome direccion de obras;0;20; ; ; 0.00; 
municipalidad del tabo direccion de obras;2;7; ; ; 0.00; 
proyectos y direccion de obras;0;0; ; ; 0.00; 
que es direccion de obras;0;0; ; ; 0.00; 
