Keyword, Search Volume (Normalized 0-100), Growth (Normalized 0-100), Type, CPC, Competition, Keyword Difficulty
permisos de construcción alcaldía de managua, 0, 0, , , 0.00, 
permisos de construcción alcaldía de san salvador, 0, 0, , , 0.00, 
permisos de construcción ambato, 0, 0, , , 0.00, 
permisos de construcción argentina, 0, 0, , , 0.00, 
permisos de construcción cdmx, 0, 0, , , 0.00, 
permisos de construcción chile, 100, 0, , , 0.07, 13
permisos de construcción colombia, 0, 0, , , 0.00, 
permisos de construcción costa rica, 0, 0, , , 0.00, 
permisos de construcción costa rica 2022, 0, 0, , , 0.00, 
permisos de construcción ecuador, 0, 0, , , 0.00, 
permisos de construcción el salvador, 0, 0, , , 0.00, 
permisos de construcción en bolivia, 0, 0, , , 0.00, 
permisos de construcción en colombia, 0, 0, , , 0.00, 
permisos de construcción en costa rica, 0, 0, , , 0.00, 
permisos de construcción en españa, 0, 0, , , 0.00, 
permisos de construcción en florida, 25, 100, , , 0.00, 
permisos de construcción en miami dade, 0, 0, , , 0.00, 
permisos de construcción en puerto rico, 0, 0, , , 0.00, 
permisos de construcción en república dominicana, 0, 0, , , 0.00, 
permisos de construcción en venezuela, 0, 0, , , 0.00, 
permisos de construcción estado de mexico, 0, 0, , , 0.00, 
permisos de construcción guatemala, 0, 0, , , 0.00, 
permisos de construcción guayaquil, 0, 33, , , 0.00, 
permisos de construcción loja, 0, 0, , , 0.00, 
permisos de construcción managua, 0, 0, , , 0.00, 
permisos de construcción monterrey, 0, 0, , , 0.00, 
permisos de construcción montevideo, 0, 0, , , 0.00, 
permisos de construcción municipales, 0, 0, , , 0.00, 
permisos de construcción municipales en venezuela, 0, 0, , , 0.00, 
permisos de construcción municipalidad de alajuela, 0, 0, , , 0.00, 
permisos de construcción municipalidad de heredia, 0, 0, , , 0.00, 
permisos de construcción municipalidad de santa ana, 0, 0, , , 0.00, 
permisos de construcción opamss, 0, 0, , , 0.00, 
permisos de construcción precio, 0, 0, , , 0.00, 
permisos de construcción quito, 0, 0, , , 0.00, 
permisos de construcción residencial, 25, 33, , , 0.00, 
permisos de construcción residencial arraiján, 0, 0, , , 0.00, 
permisos de construcción residencial puerto rico, 0, 0, , , 0.00, 
permisos de construcción san pedro sula, 0, 0, , , 0.00, 
permisos de construcción san pedro sula hn, 0, 0, , , 0.00, 
permisos de construcción tegucigalpa, 0, 0, , , 0.00, 
permisos de construcción tlajomulco, 0, 0, , , 0.00, 
permisos de construcción veracruz, 0, 0, , , 0.00, 
agilización de permisos de construcción, 0, 0, , , 0.00, 
amusdeli permisos de construcción, 0, 0, , , 0.00, 
como sacar permisos de construcción, 25, 21, , , 0.00, 
como son los permisos de construcción, 0, 0, , , 0.00, 
consulta permisos de construcción, 0, 0, , , 0.00, 
costo de permisos de construcción, 0, 0, , , 0.00, 
costos de permisos de construcción, 0, 0, , , 0.00, 
cuales son los permisos de construcción, 0, 0, , , 0.00, 
cuanto cuestan los permisos de construcción, 0, 0, , , 0.00, 
donde sacar permisos de construcción, 25, 10, , , 0.00, 
dónde se deben solicitar los permisos de construcción, 0, 0, , , 0.00, 
donde se sacan los permisos de construcción, 0, 0, , , 0.00, 
gerencia de permisos de construcción, 0, 0, , , 0.00, 
gestor de permisos de construcción, 0, 0, , , 0.00, 
gestoría de permisos de construcción, 0, 0, , , 0.00, 
informe de alineaciones y parámetros para permisos de construcción, 0, 0, , , 0.00, 
ley 21.718 sobre agilización de permisos de construcción, 0, 0, , , 0.00, 
ley de permisos de construcción, 0, 0, , , 0.00, 
licencias y permisos de construcción, 0, 0, , , 0.00, 
los permisos de construcción, 0, 0, , , 0.00, 
ministerio de salud permisos de construcción, 0, 0, , , 0.00, 
multa por no tener permisos de construcción, 0, 0, , , 0.00, 
municipalidad de cartago permisos de construcción, 0, 0, , , 0.00, 
municipalidad de goicoechea permisos de construcción, 0, 0, , , 0.00, 
municipalidad de grecia permisos de construcción, 0, 0, , , 0.00, 
municipalidad de puntarenas permisos de construcción, 0, 0, , , 0.00, 
municipalidad de san josé permisos de construcción, 0, 0, , , 0.00, 
oplagest permisos de construcción, 0, 0, , , 0.00, 
planos y permisos de construcción, 0, 0, , , 0.00, 
precio de permisos de construcción, 0, 0, , , 0.00, 
que son los permisos de construcción, 0, 0, , , 0.00, 
qué tipo de construcción no necesita permisos de construcción, 0, 0, , , 0.00, 
qué tipos de obra necesitan permisos de construcción, 0, 0, , , 0.00, 
qué tipos de obras requieren permisos de construcción, 0, 0, , , 0.00, 
quien da los permisos de construcción, 0, 0, , , 0.00, 
quien otorga los permisos de construcción, 0, 0, , , 0.00, 
requisitos para permisos de construcción, 25, 33, , , 0.06, 
requisitos permisos de construcción, 0, 0, , , 0.00, 
sacar permisos de construcción, 0, 0, , , 0.00, 
solicitud de permisos de construcción, 0, 0, , , 0.00, 
tipos de permisos de construcción, 25, 21, , , 0.00, 
tramite de permisos de construcción, 0, 0, , , 0.00, 